{"cameraMode":{"drawMode":0,"name":"Shaded","section":"Shading Mode"},"sceneLighting":true,"audioPlay":false,"sceneViewState":{"showFog":true,"showMaterialUpdate":false,"showSkybox":false,"showFlares":true,"showImageEffects":true,"showParticleSystems":true},"in2DMode":false,"pivot":{"x":-2.6349658966064455,"y":-1.899979829788208,"z":2.4542901515960695},"rotation":{"x":0.039027657359838489,"y":0.021443385630846025,"z":0.00034691282780840993,"w":0.9993554949760437},"size":12.373973846435547,"orthographic":false}