{"cameraMode":{"drawMode":0,"name":"Shaded","section":"Shading Mode"},"sceneLighting":true,"audioPlay":false,"sceneViewState":{"showFog":false,"showMaterialUpdate":false,"showSkybox":false,"showFlares":false,"showImageEffects":false,"showParticleSystems":false},"in2DMode":false,"pivot":{"x":19.72481346130371,"y":1.6037297248840333,"z":1.601846694946289},"rotation":{"x":0.12870490550994874,"y":0.060493819415569308,"z":-0.00392180634662509,"w":0.9903256893157959},"size":5.759326457977295,"orthographic":false}