{"cameraMode":{"drawMode":0,"name":"Shaded","section":"Shading Mode"},"sceneLighting":true,"audioPlay":false,"sceneViewState":{"showFog":true,"showMaterialUpdate":false,"showSkybox":true,"showFlares":true,"showImageEffects":true,"showParticleSystems":true},"in2DMode":false,"pivot":{"x":17.81694221496582,"y":2.357570171356201,"z":-5.141566753387451},"rotation":{"x":-0.016522318124771119,"y":-0.012144790962338448,"z":-0.0007232866482809186,"w":-1.0001585483551026},"size":2.7619667053222658,"orthographic":false}