{"cameraMode":{"drawMode":0,"name":"Shaded","section":"Shading Mode"},"sceneLighting":true,"audioPlay":false,"sceneViewState":{"showFog":false,"showMaterialUpdate":false,"showSkybox":false,"showFlares":false,"showImageEffects":false,"showParticleSystems":false},"in2DMode":false,"pivot":{"x":19.16299819946289,"y":1.544381022453308,"z":-12.195000648498536},"rotation":{"x":0.2837083041667938,"y":0.6938542127609253,"z":0.33953857421875,"w":-0.5689991116523743},"size":0.407035231590271,"orthographic":false}