{"cameraMode":{"drawMode":0,"name":"Shaded","section":"Shading Mode"},"sceneLighting":true,"audioPlay":false,"sceneViewState":{"showFog":true,"showMaterialUpdate":false,"showSkybox":true,"showFlares":true,"showImageEffects":true,"showParticleSystems":true},"in2DMode":false,"pivot":{"x":0.0,"y":2.049999952316284,"z":1.4600000381469727},"rotation":{"x":-0.057671986520290378,"y":-0.3050050139427185,"z":0.018529172986745836,"w":-0.9504721164703369},"size":0.8139410018920898,"orthographic":false}