{"cameraMode":{"drawMode":0,"name":"Shaded","section":"Shading Mode"},"sceneLighting":true,"audioPlay":false,"sceneViewState":{"showFog":false,"showMaterialUpdate":false,"showSkybox":false,"showFlares":false,"showImageEffects":false,"showParticleSystems":false},"in2DMode":false,"pivot":{"x":25.668054580688478,"y":1.497246503829956,"z":-10.355528831481934},"rotation":{"x":0.012065446935594082,"y":0.7121274471282959,"z":-0.006368369795382023,"w":0.7026258707046509},"size":5.2186174392700199,"orthographic":false}