{"cameraMode":{"drawMode":0,"name":"Shaded","section":"Shading Mode"},"sceneLighting":true,"audioPlay":false,"sceneViewState":{"showFog":true,"showMaterialUpdate":false,"showSkybox":true,"showFlares":true,"showImageEffects":true,"showParticleSystems":true},"in2DMode":false,"pivot":{"x":19.010000228881837,"y":1.5223729610443116,"z":-8.86314868927002},"rotation":{"x":0.034681014716625217,"y":0.7373076677322388,"z":-0.03577510267496109,"w":0.6742905378341675},"size":0.6256094574928284,"orthographic":false}