{"cameraMode":{"drawMode":0,"name":"Shaded","section":"Shading Mode"},"sceneLighting":true,"audioPlay":false,"sceneViewState":{"showFog":true,"showMaterialUpdate":false,"showSkybox":true,"showFlares":true,"showImageEffects":true,"showParticleSystems":true},"in2DMode":false,"pivot":{"x":8.810490608215332,"y":2.632596254348755,"z":-12.694856643676758},"rotation":{"x":-0.0212065689265728,"y":0.6717740297317505,"z":-0.02040107734501362,"w":-0.7406757473945618},"size":3.681857109069824,"orthographic":false}