{"cameraMode":{"drawMode":0,"name":"Shaded","section":"Shading Mode"},"sceneLighting":true,"audioPlay":false,"sceneViewState":{"showFog":true,"showMaterialUpdate":false,"showSkybox":true,"showFlares":true,"showImageEffects":true,"showParticleSystems":true},"in2DMode":false,"pivot":{"x":21.332199096679689,"y":1.6643025875091553,"z":-10.311487197875977},"rotation":{"x":0.011851321905851365,"y":-0.7157161235809326,"z":-0.01582815684378147,"w":-0.6987607479095459},"size":2.5477066040039064,"orthographic":false}